[{"created_at":"Sat Sep 28 08:55:05 +0000 2013","id":383877512213692417,"id_str":"383877512213692417","text":"RT @thezenithblog: Waypoints - CSS3 animations on scroll with jQuery Waypoints - Part2 http:\/\/t.co\/KLRJLkWYZp","source":"\u003ca href=\"http:\/\/twitter.com\/download\/iphone\" rel=\"nofollow\"\u003eTwitter for iPhone\u003c\/a\u003e","truncated":false,"in_reply_to_status_id":null,"in_reply_to_status_id_str":null,"in_reply_to_user_id":null,"in_reply_to_user_id_str":null,"in_reply_to_screen_name":null,"user":{"id":531108948,"id_str":"531108948","name":"Designova","screen_name":"designovastudio","location":"Kerala, God's own country","description":"Premium web design studio. Producing high quality web templates, WordPress themes & awesome websites.\r\n\r\nhttp:\/\/t.co\/sBXZEtcB4q","url":"http:\/\/t.co\/FshoVTFvzt","entities":{"url":{"urls":[{"url":"http:\/\/t.co\/FshoVTFvzt","expanded_url":"http:\/\/www.designova.net","display_url":"designova.net","indices":[0,22]}]},"description":{"urls":[{"url":"http:\/\/t.co\/sBXZEtcB4q","expanded_url":"http:\/\/www.themeforest.net\/user\/designova","display_url":"themeforest.net\/user\/designova","indices":[105,127]}]}},"protected":false,"followers_count":219,"friends_count":147,"listed_count":7,"created_at":"Tue Mar 20 08:10:01 +0000 2012","favourites_count":123,"utc_offset":19800,"time_zone":"Chennai","geo_enabled":true,"verified":false,"statuses_count":2129,"lang":"en","contributors_enabled":false,"is_translator":false,"profile_background_color":"FF6600","profile_background_image_url":"http:\/\/a0.twimg.com\/profile_background_images\/378800000044903815\/a6fd89feaa15cf7ef4363ea2024d20b3.png","profile_background_image_url_https":"https:\/\/si0.twimg.com\/profile_background_images\/378800000044903815\/a6fd89feaa15cf7ef4363ea2024d20b3.png","profile_background_tile":false,"profile_image_url":"http:\/\/a0.twimg.com\/profile_images\/378800000244748730\/89219987cc392498181888d74829a965_normal.png","profile_image_url_https":"https:\/\/si0.twimg.com\/profile_images\/378800000244748730\/89219987cc392498181888d74829a965_normal.png","profile_link_color":"FF6600","profile_sidebar_border_color":"000000","profile_sidebar_fill_color":"EFEFEF","profile_text_color":"333333","profile_use_background_image":true,"default_profile":false,"default_profile_image":false,"following":false,"follow_request_sent":false,"notifications":false},"geo":null,"coordinates":null,"place":null,"contributors":null,"retweeted_status":{"created_at":"Sat Sep 28 06:46:03 +0000 2013","id":383845039987630080,"id_str":"383845039987630080","text":"Waypoints - CSS3 animations on scroll with jQuery Waypoints - Part2 http:\/\/t.co\/KLRJLkWYZp","source":"\u003ca href=\"http:\/\/winthecustomer.com\/\" rel=\"nofollow\"\u003eWin the Customer\u003c\/a\u003e","truncated":false,"in_reply_to_status_id":null,"in_reply_to_status_id_str":null,"in_reply_to_user_id":null,"in_reply_to_user_id_str":null,"in_reply_to_screen_name":null,"user":{"id":605627004,"id_str":"605627004","name":"Zenith Blog","screen_name":"thezenithblog","location":"","description":"Zenith is a blog from web designers for web designers. We publish tips, ideas, photography, inspiration, freebies...","url":"http:\/\/t.co\/UzeCP2mnhe","entities":{"url":{"urls":[{"url":"http:\/\/t.co\/UzeCP2mnhe","expanded_url":"http:\/\/www.twoimpulse.com\/zenith","display_url":"twoimpulse.com\/zenith","indices":[0,22]}]},"description":{"urls":[]}},"protected":false,"followers_count":16693,"friends_count":12841,"listed_count":380,"created_at":"Mon Jun 11 16:20:54 +0000 2012","favourites_count":0,"utc_offset":7200,"time_zone":"Brussels","geo_enabled":false,"verified":false,"statuses_count":2443,"lang":"en","contributors_enabled":false,"is_translator":false,"profile_background_color":"CCCCCC","profile_background_image_url":"http:\/\/a0.twimg.com\/profile_background_images\/761938915\/0422cfb2d8f7e7f288ae28fcf9f0a96f.jpeg","profile_background_image_url_https":"https:\/\/si0.twimg.com\/profile_background_images\/761938915\/0422cfb2d8f7e7f288ae28fcf9f0a96f.jpeg","profile_background_tile":false,"profile_image_url":"http:\/\/a0.twimg.com\/profile_images\/3717240467\/093197a59bd221e43f83259a36793b26_normal.png","profile_image_url_https":"https:\/\/si0.twimg.com\/profile_images\/3717240467\/093197a59bd221e43f83259a36793b26_normal.png","profile_banner_url":"https:\/\/pbs.twimg.com\/profile_banners\/605627004\/1348770452","profile_link_color":"2CA8BC","profile_sidebar_border_color":"FFFFFF","profile_sidebar_fill_color":"E6F6F9","profile_text_color":"333333","profile_use_background_image":false,"default_profile":false,"default_profile_image":false,"following":null,"follow_request_sent":false,"notifications":null},"geo":null,"coordinates":null,"place":null,"contributors":null,"retweet_count":1,"favorite_count":2,"entities":{"hashtags":[],"symbols":[],"urls":[{"url":"http:\/\/t.co\/KLRJLkWYZp","expanded_url":"http:\/\/bit.ly\/1aBPrrq","display_url":"bit.ly\/1aBPrrq","indices":[68,90]}],"user_mentions":[]},"favorited":false,"retweeted":false,"possibly_sensitive":false,"lang":"en"},"retweet_count":1,"favorite_count":0,"entities":{"hashtags":[],"symbols":[],"urls":[{"url":"http:\/\/t.co\/KLRJLkWYZp","expanded_url":"http:\/\/bit.ly\/1aBPrrq","display_url":"bit.ly\/1aBPrrq","indices":[87,109]}],"user_mentions":[{"screen_name":"thezenithblog","name":"Zenith Blog","id":605627004,"id_str":"605627004","indices":[3,17]}]},"favorited":false,"retweeted":false,"possibly_sensitive":false,"lang":"en"},{"created_at":"Thu Sep 26 15:15:29 +0000 2013","id":383248466291339266,"id_str":"383248466291339266","text":"We are having an important update for REALM HTML5, it is on queue. Once it is available buyers will get notifications via email from Envato.","source":"web","truncated":false,"in_reply_to_status_id":null,"in_reply_to_status_id_str":null,"in_reply_to_user_id":null,"in_reply_to_user_id_str":null,"in_reply_to_screen_name":null,"user":{"id":531108948,"id_str":"531108948","name":"Designova","screen_name":"designovastudio","location":"Kerala, God's own country","description":"Premium web design studio. Producing high quality web templates, WordPress themes & awesome websites.\r\n\r\nhttp:\/\/t.co\/sBXZEtcB4q","url":"http:\/\/t.co\/FshoVTFvzt","entities":{"url":{"urls":[{"url":"http:\/\/t.co\/FshoVTFvzt","expanded_url":"http:\/\/www.designova.net","display_url":"designova.net","indices":[0,22]}]},"description":{"urls":[{"url":"http:\/\/t.co\/sBXZEtcB4q","expanded_url":"http:\/\/www.themeforest.net\/user\/designova","display_url":"themeforest.net\/user\/designova","indices":[105,127]}]}},"protected":false,"followers_count":219,"friends_count":147,"listed_count":7,"created_at":"Tue Mar 20 08:10:01 +0000 2012","favourites_count":123,"utc_offset":19800,"time_zone":"Chennai","geo_enabled":true,"verified":false,"statuses_count":2129,"lang":"en","contributors_enabled":false,"is_translator":false,"profile_background_color":"FF6600","profile_background_image_url":"http:\/\/a0.twimg.com\/profile_background_images\/378800000044903815\/a6fd89feaa15cf7ef4363ea2024d20b3.png","profile_background_image_url_https":"https:\/\/si0.twimg.com\/profile_background_images\/378800000044903815\/a6fd89feaa15cf7ef4363ea2024d20b3.png","profile_background_tile":false,"profile_image_url":"http:\/\/a0.twimg.com\/profile_images\/378800000244748730\/89219987cc392498181888d74829a965_normal.png","profile_image_url_https":"https:\/\/si0.twimg.com\/profile_images\/378800000244748730\/89219987cc392498181888d74829a965_normal.png","profile_link_color":"FF6600","profile_sidebar_border_color":"000000","profile_sidebar_fill_color":"EFEFEF","profile_text_color":"333333","profile_use_background_image":true,"default_profile":false,"default_profile_image":false,"following":false,"follow_request_sent":false,"notifications":false},"geo":null,"coordinates":null,"place":null,"contributors":null,"retweet_count":0,"favorite_count":0,"entities":{"hashtags":[],"symbols":[],"urls":[],"user_mentions":[]},"favorited":false,"retweeted":false,"lang":"en"},{"created_at":"Thu Sep 26 03:26:18 +0000 2013","id":383069993971101697,"id_str":"383069993971101697","text":"RT @wpengine: A Guide to the WordPress Theme Customizer: What It Is, Why It Benefits Us | @Wptuts+ http:\/\/t.co\/7fKC94txxi","source":"\u003ca href=\"http:\/\/twitter.com\/download\/iphone\" rel=\"nofollow\"\u003eTwitter for iPhone\u003c\/a\u003e","truncated":false,"in_reply_to_status_id":null,"in_reply_to_status_id_str":null,"in_reply_to_user_id":null,"in_reply_to_user_id_str":null,"in_reply_to_screen_name":null,"user":{"id":531108948,"id_str":"531108948","name":"Designova","screen_name":"designovastudio","location":"Kerala, God's own country","description":"Premium web design studio. Producing high quality web templates, WordPress themes & awesome websites.\r\n\r\nhttp:\/\/t.co\/sBXZEtcB4q","url":"http:\/\/t.co\/FshoVTFvzt","entities":{"url":{"urls":[{"url":"http:\/\/t.co\/FshoVTFvzt","expanded_url":"http:\/\/www.designova.net","display_url":"designova.net","indices":[0,22]}]},"description":{"urls":[{"url":"http:\/\/t.co\/sBXZEtcB4q","expanded_url":"http:\/\/www.themeforest.net\/user\/designova","display_url":"themeforest.net\/user\/designova","indices":[105,127]}]}},"protected":false,"followers_count":219,"friends_count":147,"listed_count":7,"created_at":"Tue Mar 20 08:10:01 +0000 2012","favourites_count":123,"utc_offset":19800,"time_zone":"Chennai","geo_enabled":true,"verified":false,"statuses_count":2129,"lang":"en","contributors_enabled":false,"is_translator":false,"profile_background_color":"FF6600","profile_background_image_url":"http:\/\/a0.twimg.com\/profile_background_images\/378800000044903815\/a6fd89feaa15cf7ef4363ea2024d20b3.png","profile_background_image_url_https":"https:\/\/si0.twimg.com\/profile_background_images\/378800000044903815\/a6fd89feaa15cf7ef4363ea2024d20b3.png","profile_background_tile":false,"profile_image_url":"http:\/\/a0.twimg.com\/profile_images\/378800000244748730\/89219987cc392498181888d74829a965_normal.png","profile_image_url_https":"https:\/\/si0.twimg.com\/profile_images\/378800000244748730\/89219987cc392498181888d74829a965_normal.png","profile_link_color":"FF6600","profile_sidebar_border_color":"000000","profile_sidebar_fill_color":"EFEFEF","profile_text_color":"333333","profile_use_background_image":true,"default_profile":false,"default_profile_image":false,"following":false,"follow_request_sent":false,"notifications":false},"geo":null,"coordinates":null,"place":null,"contributors":null,"retweeted_status":{"created_at":"Wed Sep 25 22:08:05 +0000 2013","id":382989910862741504,"id_str":"382989910862741504","text":"A Guide to the WordPress Theme Customizer: What It Is, Why It Benefits Us | @Wptuts+ http:\/\/t.co\/7fKC94txxi","source":"\u003ca href=\"http:\/\/bufferapp.com\" rel=\"nofollow\"\u003eBuffer\u003c\/a\u003e","truncated":false,"in_reply_to_status_id":null,"in_reply_to_status_id_str":null,"in_reply_to_user_id":null,"in_reply_to_user_id_str":null,"in_reply_to_screen_name":null,"user":{"id":121880027,"id_str":"121880027","name":"WP Engine","screen_name":"wpengine","location":"Austin, TX","description":"We make WordPress fast, secure, and scalable by hosting your site on our rock solid platform. Contact support via @WPEsupport. Get a site! Call us: 877-973-6446","url":"http:\/\/t.co\/qKx5MEPl4q","entities":{"url":{"urls":[{"url":"http:\/\/t.co\/qKx5MEPl4q","expanded_url":"http:\/\/www.wpengine.com\/special","display_url":"wpengine.com\/special","indices":[0,22]}]},"description":{"urls":[]}},"protected":false,"followers_count":9228,"friends_count":3069,"listed_count":518,"created_at":"Wed Mar 10 22:26:01 +0000 2010","favourites_count":1338,"utc_offset":-18000,"time_zone":"Central Time (US & Canada)","geo_enabled":true,"verified":true,"statuses_count":12217,"lang":"en","contributors_enabled":false,"is_translator":false,"profile_background_color":"131516","profile_background_image_url":"http:\/\/abs.twimg.com\/images\/themes\/theme14\/bg.gif","profile_background_image_url_https":"https:\/\/abs.twimg.com\/images\/themes\/theme14\/bg.gif","profile_background_tile":true,"profile_image_url":"http:\/\/a0.twimg.com\/profile_images\/1690362242\/WPE_Gear_Color_normal.png","profile_image_url_https":"https:\/\/si0.twimg.com\/profile_images\/1690362242\/WPE_Gear_Color_normal.png","profile_banner_url":"https:\/\/pbs.twimg.com\/profile_banners\/121880027\/1353736951","profile_link_color":"009999","profile_sidebar_border_color":"EEEEEE","profile_sidebar_fill_color":"EFEFEF","profile_text_color":"333333","profile_use_background_image":true,"default_profile":false,"default_profile_image":false,"following":null,"follow_request_sent":false,"notifications":null},"geo":null,"coordinates":null,"place":null,"contributors":null,"retweet_count":3,"favorite_count":0,"entities":{"hashtags":[],"symbols":[],"urls":[{"url":"http:\/\/t.co\/7fKC94txxi","expanded_url":"http:\/\/wp.tutsplus.com\/tutorials\/theme-development\/a-guide-to-the-wordpress-theme-customizer-what-it-is-why-it-benefits-us\/","display_url":"wp.tutsplus.com\/tutorials\/them\u2026","indices":[85,107]}],"user_mentions":[{"screen_name":"wptuts","name":"Wptuts+","id":321108505,"id_str":"321108505","indices":[76,83]}]},"favorited":false,"retweeted":false,"possibly_sensitive":false,"lang":"en"},"retweet_count":3,"favorite_count":0,"entities":{"hashtags":[],"symbols":[],"urls":[{"url":"http:\/\/t.co\/7fKC94txxi","expanded_url":"http:\/\/wp.tutsplus.com\/tutorials\/theme-development\/a-guide-to-the-wordpress-theme-customizer-what-it-is-why-it-benefits-us\/","display_url":"wp.tutsplus.com\/tutorials\/them\u2026","indices":[99,121]}],"user_mentions":[{"screen_name":"wpengine","name":"WP Engine","id":121880027,"id_str":"121880027","indices":[3,12]},{"screen_name":"wptuts","name":"Wptuts+","id":321108505,"id_str":"321108505","indices":[90,97]}]},"favorited":false,"retweeted":false,"possibly_sensitive":false,"lang":"en"},{"created_at":"Thu Sep 26 03:26:07 +0000 2013","id":383069947070386176,"id_str":"383069947070386176","text":"RT @1stwebdesigner: Flat, Mobile, Responsive: Fresh JavaScripts and jQuery Plugins Made in September 2013 - noupe http:\/\/t.co\/yiMHvNeGCk vi\u2026","source":"\u003ca href=\"http:\/\/twitter.com\/download\/iphone\" rel=\"nofollow\"\u003eTwitter for iPhone\u003c\/a\u003e","truncated":false,"in_reply_to_status_id":null,"in_reply_to_status_id_str":null,"in_reply_to_user_id":null,"in_reply_to_user_id_str":null,"in_reply_to_screen_name":null,"user":{"id":531108948,"id_str":"531108948","name":"Designova","screen_name":"designovastudio","location":"Kerala, God's own country","description":"Premium web design studio. Producing high quality web templates, WordPress themes & awesome websites.\r\n\r\nhttp:\/\/t.co\/sBXZEtcB4q","url":"http:\/\/t.co\/FshoVTFvzt","entities":{"url":{"urls":[{"url":"http:\/\/t.co\/FshoVTFvzt","expanded_url":"http:\/\/www.designova.net","display_url":"designova.net","indices":[0,22]}]},"description":{"urls":[{"url":"http:\/\/t.co\/sBXZEtcB4q","expanded_url":"http:\/\/www.themeforest.net\/user\/designova","display_url":"themeforest.net\/user\/designova","indices":[105,127]}]}},"protected":false,"followers_count":219,"friends_count":147,"listed_count":7,"created_at":"Tue Mar 20 08:10:01 +0000 2012","favourites_count":123,"utc_offset":19800,"time_zone":"Chennai","geo_enabled":true,"verified":false,"statuses_count":2129,"lang":"en","contributors_enabled":false,"is_translator":false,"profile_background_color":"FF6600","profile_background_image_url":"http:\/\/a0.twimg.com\/profile_background_images\/378800000044903815\/a6fd89feaa15cf7ef4363ea2024d20b3.png","profile_background_image_url_https":"https:\/\/si0.twimg.com\/profile_background_images\/378800000044903815\/a6fd89feaa15cf7ef4363ea2024d20b3.png","profile_background_tile":false,"profile_image_url":"http:\/\/a0.twimg.com\/profile_images\/378800000244748730\/89219987cc392498181888d74829a965_normal.png","profile_image_url_https":"https:\/\/si0.twimg.com\/profile_images\/378800000244748730\/89219987cc392498181888d74829a965_normal.png","profile_link_color":"FF6600","profile_sidebar_border_color":"000000","profile_sidebar_fill_color":"EFEFEF","profile_text_color":"333333","profile_use_background_image":true,"default_profile":false,"default_profile_image":false,"following":false,"follow_request_sent":false,"notifications":false},"geo":null,"coordinates":null,"place":null,"contributors":null,"retweeted_status":{"created_at":"Thu Sep 26 03:00:29 +0000 2013","id":383063497040740352,"id_str":"383063497040740352","text":"Flat, Mobile, Responsive: Fresh JavaScripts and jQuery Plugins Made in September 2013 - noupe http:\/\/t.co\/yiMHvNeGCk via @NoupeMag","source":"\u003ca href=\"http:\/\/bufferapp.com\" rel=\"nofollow\"\u003eBuffer\u003c\/a\u003e","truncated":false,"in_reply_to_status_id":null,"in_reply_to_status_id_str":null,"in_reply_to_user_id":null,"in_reply_to_user_id_str":null,"in_reply_to_screen_name":null,"user":{"id":14933478,"id_str":"14933478","name":"Dainis Gr\u0101veris","screen_name":"1stwebdesigner","location":"Latvia","description":"Want healthy design related discussion? Look no further, as we will help you to become a better web designer!  TWO million monthly visitors cannot be wrong!","url":"http:\/\/t.co\/XnBbiILTP6","entities":{"url":{"urls":[{"url":"http:\/\/t.co\/XnBbiILTP6","expanded_url":"http:\/\/www.1stwebdesigner.com\/","display_url":"1stwebdesigner.com","indices":[0,22]}]},"description":{"urls":[]}},"protected":false,"followers_count":46903,"friends_count":424,"listed_count":4321,"created_at":"Wed May 28 13:25:20 +0000 2008","favourites_count":2,"utc_offset":-9000,"time_zone":"Newfoundland","geo_enabled":false,"verified":false,"statuses_count":12659,"lang":"en","contributors_enabled":false,"is_translator":false,"profile_background_color":"FFFFFF","profile_background_image_url":"http:\/\/a0.twimg.com\/profile_background_images\/644127482\/9nw1qmtlnyyzi3s6jvkg.jpeg","profile_background_image_url_https":"https:\/\/si0.twimg.com\/profile_background_images\/644127482\/9nw1qmtlnyyzi3s6jvkg.jpeg","profile_background_tile":false,"profile_image_url":"http:\/\/a0.twimg.com\/profile_images\/2732444057\/63add1ad5b420752ebb4604e306d1756_normal.png","profile_image_url_https":"https:\/\/si0.twimg.com\/profile_images\/2732444057\/63add1ad5b420752ebb4604e306d1756_normal.png","profile_banner_url":"https:\/\/pbs.twimg.com\/profile_banners\/14933478\/1350910795","profile_link_color":"F58220","profile_sidebar_border_color":"FFFFFF","profile_sidebar_fill_color":"EDEDED","profile_text_color":"94928F","profile_use_background_image":true,"default_profile":false,"default_profile_image":false,"following":null,"follow_request_sent":false,"notifications":null},"geo":null,"coordinates":null,"place":null,"contributors":null,"retweet_count":3,"favorite_count":11,"entities":{"hashtags":[],"symbols":[],"urls":[{"url":"http:\/\/t.co\/yiMHvNeGCk","expanded_url":"http:\/\/bit.ly\/1dJ956h","display_url":"bit.ly\/1dJ956h","indices":[94,116]}],"user_mentions":[{"screen_name":"NoupeMag","name":"Noupe Magazine","id":82375345,"id_str":"82375345","indices":[121,130]}]},"favorited":false,"retweeted":false,"possibly_sensitive":false,"lang":"da"},"retweet_count":3,"favorite_count":0,"entities":{"hashtags":[],"symbols":[],"urls":[{"url":"http:\/\/t.co\/yiMHvNeGCk","expanded_url":"http:\/\/bit.ly\/1dJ956h","display_url":"bit.ly\/1dJ956h","indices":[114,136]}],"user_mentions":[{"screen_name":"1stwebdesigner","name":"Dainis Gr\u0101veris","id":14933478,"id_str":"14933478","indices":[3,18]}]},"favorited":false,"retweeted":false,"possibly_sensitive":false,"lang":"da"},{"created_at":"Mon Sep 23 08:22:23 +0000 2013","id":382057342902083584,"id_str":"382057342902083584","text":"Our template REALM is now one of the top selling templates on #themeforest http:\/\/t.co\/5DKEoA5Ixj Our sincere thanks to buyers &amp; supporters","source":"\u003ca href=\"http:\/\/twitter.com\/tweetbutton\" rel=\"nofollow\"\u003eTweet Button\u003c\/a\u003e","truncated":false,"in_reply_to_status_id":null,"in_reply_to_status_id_str":null,"in_reply_to_user_id":null,"in_reply_to_user_id_str":null,"in_reply_to_screen_name":null,"user":{"id":531108948,"id_str":"531108948","name":"Designova","screen_name":"designovastudio","location":"Kerala, God's own country","description":"Premium web design studio. Producing high quality web templates, WordPress themes & awesome websites.\r\n\r\nhttp:\/\/t.co\/sBXZEtcB4q","url":"http:\/\/t.co\/FshoVTFvzt","entities":{"url":{"urls":[{"url":"http:\/\/t.co\/FshoVTFvzt","expanded_url":"http:\/\/www.designova.net","display_url":"designova.net","indices":[0,22]}]},"description":{"urls":[{"url":"http:\/\/t.co\/sBXZEtcB4q","expanded_url":"http:\/\/www.themeforest.net\/user\/designova","display_url":"themeforest.net\/user\/designova","indices":[105,127]}]}},"protected":false,"followers_count":219,"friends_count":147,"listed_count":7,"created_at":"Tue Mar 20 08:10:01 +0000 2012","favourites_count":123,"utc_offset":19800,"time_zone":"Chennai","geo_enabled":true,"verified":false,"statuses_count":2129,"lang":"en","contributors_enabled":false,"is_translator":false,"profile_background_color":"FF6600","profile_background_image_url":"http:\/\/a0.twimg.com\/profile_background_images\/378800000044903815\/a6fd89feaa15cf7ef4363ea2024d20b3.png","profile_background_image_url_https":"https:\/\/si0.twimg.com\/profile_background_images\/378800000044903815\/a6fd89feaa15cf7ef4363ea2024d20b3.png","profile_background_tile":false,"profile_image_url":"http:\/\/a0.twimg.com\/profile_images\/378800000244748730\/89219987cc392498181888d74829a965_normal.png","profile_image_url_https":"https:\/\/si0.twimg.com\/profile_images\/378800000244748730\/89219987cc392498181888d74829a965_normal.png","profile_link_color":"FF6600","profile_sidebar_border_color":"000000","profile_sidebar_fill_color":"EFEFEF","profile_text_color":"333333","profile_use_background_image":true,"default_profile":false,"default_profile_image":false,"following":false,"follow_request_sent":false,"notifications":false},"geo":null,"coordinates":null,"place":null,"contributors":null,"retweet_count":0,"favorite_count":1,"entities":{"hashtags":[{"text":"themeforest","indices":[62,74]}],"symbols":[],"urls":[{"url":"http:\/\/t.co\/5DKEoA5Ixj","expanded_url":"http:\/\/themeforest.net\/item\/realm-unique-one-page-parallax-responsive-html5\/5578350","display_url":"themeforest.net\/item\/realm-uni\u2026","indices":[75,97]}],"user_mentions":[]},"favorited":false,"retweeted":false,"possibly_sensitive":false,"lang":"en"}]